"Set an alarm for 6:00 AM","Setting Alarms"
"Can you wake me up at 8 AM tomorrow?","Setting Alarms"
"I need an alarm for 7:30 in the morning, please.","Setting Alarms"
"Please set an alarm for 3 PM on Friday.","Setting Alarms"
"Wake me up at noon tomorrow.","Setting Alarms"
"Can you remind me at 5 PM today?","Setting Alarms"
"Set an alarm for 9:15 AM next Tuesday.","Setting Alarms"
"Please wake me up at 7 AM tomorrow morning.","Setting Alarms"
"Set an alarm for 10:30 in the morning, but only on weekdays.","Setting Alarms"
"Remind me at 6:45 PM to pick up the package.","Setting Alarms"
"Can you set an alarm for 5:00 PM sharp?","Setting Alarms"
"Set an alarm for 4:30 AM, just to be sure.","Setting Alarms"
"I need a reminder for 11:00 PM to finish my homework.","Setting Alarms"
"Set an alarm at 7:15 AM on the weekend.","Setting Alarms"
"Please wake me at 8:00 AM sharp, no snooze.","Setting Alarms"
"Set the alarm for 1:30 PM, for an important call.","Setting Alarms"
"Set an alarm for today at 2 PM, make sure it's loud!","Setting Alarms"
"Can you set a wake-up alarm for 10 AM tomorrow? Don’t forget!","Setting Alarms"
"Please wake me up at 5:30 PM for my meeting.","Setting Alarms"
"Can you set an alarm at 6:00 PM on Thursday?","Setting Alarms"
"Please wake me at 6:00 AM tomorrow.","Setting Alarms"
"Set an alarm for 9 AM tomorrow.","Setting Alarms"
"Can you remind me at 7:00 PM?","Setting Alarms"
"Wake me up at 4 PM tomorrow.","Setting Alarms"
"Set an alarm at 8:00 AM on Monday.","Setting Alarms"
"Set a reminder at 3:00 PM today.","Setting Alarms"
"Can you wake me up at 9:30 AM tomorrow?","Setting Alarms"
"Set an alarm for 10:45 AM tomorrow.","Setting Alarms"
"Remind me at 2:15 PM about the meeting.","Setting Alarms"
"Please set an alarm for 1 PM today.","Setting Alarms"
"Can you remind me at 8:30 AM tomorrow?","Setting Alarms"
"Set an alarm for 12:00 PM today.","Setting Alarms"
"Wake me up at 7:00 PM tonight.","Setting Alarms"
"Set an alarm for 4 PM on Sunday.","Setting Alarms"
"Set a wake-up alarm for 6:30 AM tomorrow.","Setting Alarms"
"Remind me at 9:00 PM to check my email.","Setting Alarms"
"Set an alarm for 5:00 AM to go jogging.","Setting Alarms"
"Wake me up at 10:30 AM tomorrow.","Setting Alarms"
"Can you set an alarm for 2:30 PM today?","Setting Alarms"
"Set an alarm at 8:15 AM.","Setting Alarms"
"Set an alarm for 6:45 AM tomorrow.","Setting Alarms"
"Please remind me at 7:30 PM.","Setting Alarms"
"Wake me up at 7:45 AM tomorrow.","Setting Alarms"
"Set an alarm for 9:00 AM on Wednesday.","Setting Alarms"
"Can you remind me at 10:00 AM tomorrow?","Setting Alarms"
"Set an alarm for 3:15 PM today.","Setting Alarms"
"Please set a wake-up alarm for 5:00 AM.","Setting Alarms"
"Set an alarm for 4:15 PM today.","Setting Alarms"
"Can you remind me at 10 PM tonight?","Setting Alarms"
"Please set an alarm for 11:45 AM.","Setting Alarms"
"Wake me at 5 AM tomorrow.","Setting Alarms"
"Set an alarm for 12:30 PM tomorrow.","Setting Alarms"
"Please remind me to call John at 6 PM.","Setting Alarms"
"Set an alarm for 2:00 PM tomorrow.","Setting Alarms"
"Can you set an alarm for 9:45 AM on Saturday?","Setting Alarms"
"Wake me up at 6:00 PM tomorrow.","Setting Alarms"
"Can you remind me at 12:00 PM today?","Setting Alarms"
"Set an alarm for 3:30 PM.","Setting Alarms"
"Please set a reminder for 5:30 PM to prepare for the meeting.","Setting Alarms"
"Set an alarm at 10:15 AM.","Setting Alarms"
"Wake me up at 8:45 AM.","Setting Alarms"
"Set an alarm for 7:30 AM tomorrow.","Setting Alarms"
"Can you remind me at 4:00 PM today?","Setting Alarms"
"Set an alarm for 1:15 PM tomorrow.","Setting Alarms"
"Wake me at 3:45 PM.","Setting Alarms"
"Please set an alarm at 10:00 PM tonight.","Setting Alarms"
"Can you remind me at 1:00 PM tomorrow?","Setting Alarms"
"Set an alarm for 6:30 AM on Sunday.","Setting Alarms"
"Wake me up at 11:00 AM tomorrow.","Setting Alarms"
"Set an alarm for 7:00 AM sharp.","Setting Alarms"
"Can you set an alarm at 2:45 PM?","Setting Alarms"
"Please wake me up at 4:45 AM tomorrow.","Setting Alarms"
"Set an alarm for 5:45 PM today.","Setting Alarms"
"Can you remind me at 12:15 PM?","Setting Alarms"
"Set an alarm at 8:30 AM.","Setting Alarms"
"Please remind me at 7:00 AM tomorrow.","Setting Alarms"
"Wake me at 9:15 PM tonight.","Setting Alarms"
"Can you set an alarm for 3:00 AM?","Setting Alarms"
"Set an alarm at 1:00 AM.","Setting Alarms"
"Wake me up at 7:30 PM tonight.","Setting Alarms"
"Please remind me to take a break at 2:00 PM.","Setting Alarms"
"Set an alarm for 4:00 AM.","Setting Alarms"
"Can you wake me up at 3:00 PM tomorrow?","Setting Alarms"
"Please set a reminder for 7:45 AM.","Setting Alarms"
"Set an alarm at 5:15 AM tomorrow.","Setting Alarms"
"Wake me up at 11:30 AM.","Setting Alarms"
"Set an alarm for 9:30 AM today.","Setting Alarms"
"Please wake me up at 1:45 PM tomorrow.","Setting Alarms"
"Set an alarm at 6:15 PM.","Setting Alarms"
"Can you set an alarm for 12:00 AM tonight?","Setting Alarms"
"Set an alarm for 7:00 PM tomorrow.","Setting Alarms"
"Please wake me up at 4:00 PM.","Setting Alarms"
"Set an alarm for 1:45 PM tomorrow.","Setting Alarms"
"Can you set a wake-up alarm at 5:15 PM?","Setting Alarms"
"Set an alarm for 7:30 AM.","Setting Alarms"
"Please wake me at 5:00 PM tomorrow.","Setting Alarms"
"Set an alarm at 9:00 AM on Friday.","Setting Alarms"
"Can you remind me at 9:30 PM?","Setting Alarms"
"Wake me up at 2:00 AM tomorrow.","Setting Alarms"
"Set an alarm for 3:15 AM.","Setting Alarms"
"Please remind me at 8:45 PM tonight.","Setting Alarms"
"Set an alarm at 4:30 PM tomorrow.","Setting Alarms"
"Wake me up at 6:00 PM today.","Setting Alarms"
"Set an alarm for 2:00 AM.","Setting Alarms"
"Please remind me at 9:00 AM tomorrow.","Setting Alarms"
"Set an alarm for 11:15 AM tomorrow.","Setting Alarms"
"Can you wake me at 3:30 AM?","Setting Alarms"
"Set an alarm for 1:30 PM today.","Setting Alarms"
"Please wake me up at 10:00 PM tonight.","Setting Alarms"
"Wake me up at 7:15 PM tomorrow.","Setting Alarms"
"Set an alarm at 5:30 AM on Thursday.","Setting Alarms"
"Please set an alarm for 6:45 AM.","Setting Alarms"
"Wake me up at 9:30 PM tomorrow.","Setting Alarms"
"Can you remind me at 5:45 AM tomorrow?","Setting Alarms"
"Set an alarm for 3:00 PM on Wednesday.","Setting Alarms"
"Please wake me up at 6:30 PM tomorrow.","Setting Alarms"
"Set an alarm at 9:45 AM tomorrow.","Setting Alarms"
"Can you set an alarm at 5:00 PM?","Setting Alarms"
"Please wake me at 7:45 AM tomorrow.","Setting Alarms"
"Set an alarm for 2:00 PM tomorrow.","Setting Alarms"
"Wake me at 8:45 PM tomorrow.","Setting Alarms"
"Please remind me at 12:30 PM.","Setting Alarms"
"Set an alarm for 10:30 PM.","Setting Alarms"
"Wake me up at 5:00 PM on Sunday.","Setting Alarms"
"Set an alarm at 1:00 PM tomorrow.","Setting Alarms"
"Please set an alarm for 7:45 PM today.","Setting Alarms"
"Can you remind me at 6:00 PM tomorrow?","Setting Alarms"
"Set an alarm at 5:45 PM tomorrow.","Setting Alarms"
"Wake me up at 9:30 AM tomorrow.","Setting Alarms"
"Please remind me at 4:30 PM tomorrow.","Setting Alarms"
"Set an alarm for 7:00 PM today.","Setting Alarms"
"Can you wake me at 1:00 PM tomorrow?","Setting Alarms"
"Set an alarm for 9:00 PM today.","Setting Alarms"
"Wake me at 2:30 AM tomorrow.","Setting Alarms"
"Please set a reminder for 5:00 AM tomorrow.","Setting Alarms"
"Set an alarm at 10:00 PM tomorrow.","Setting Alarms"
"Wake me at 11:45 AM.","Setting Alarms"
"Please remind me at 6:30 PM tomorrow.","Setting Alarms"
"Set an alarm for 7:00 AM today.","Setting Alarms"
"Can you wake me up at 6:15 AM?","Setting Alarms"
"Set an alarm for 5:00 sharp tomorrow.","Setting Alarms"
